image_name| comment_number| comment
4334767542.jpg| 2| Man with black and white hair wearing a white shirt and long boots sweeps outside .
3240094420.jpg| 2| A group of asian women standing together for photo .
3030565991.jpg| 2| A teenage boy wearing a blue and white uniform playing a form of Hockey .
4482773167.jpg| 2| A father and son repair a mildly broken grill .
3810466608.jpg| 0| A man in a white and brown shirt reading with cokes and an Apples-to-Apples game card set .
2871989067.jpg| 4| Four girls in a blue cheerleader outfit  .
2335931883.jpg| 4| A big man plays guitar on stage .
4688199930.jpg| 4| A crowd of people picking up bananas .
1325846369.jpg| 0| A man in a white t-shirt and jeans standing on a scaffold outside a building .
2490687446.jpg| 2| A dog on a leash shakes while in some water .
2162746678.jpg| 3| A man talks on a cellphone while working .
4432988285.jpg| 1| Two blonds dressed in evening gowns and ornate hats are laughing .
10459869.jpg| 2| Six people are sitting at a table eating food .
6140511870.jpg| 4| Damage control cleaning a fire .
4209480025.jpg| 1| A man shoveling his front steps after a snowstorm .
1542970158.jpg| 1| The man stands on the scaffolding as he looks outward .
1547883892.jpg| 3| A young woman sips a coffee and reads a book .
4929501260.jpg| 4| A girl is biking over the street .
369802520.jpg| 4| A tan dog is walking through snow .
747093215.jpg| 1| A small boy is playing with a toy lawn mower in a field of dandelions .
4800159134.jpg| 4| A man with a blue bull mask in a crowd of people .
2778696039.jpg| 1| A young male is wearing blue shorts at the edge of a shaded area .
4910374312.jpg| 2| A blond boy is sitting in a stroller holding a Korean language book .
3416925417.jpg| 4| A man plays ball with a little boy .
801607443.jpg| 0| One climber is sitting on the rock overlooking the ocean whilst another climber is on her way up .
3220140234.jpg| 0| One very fat sumo wrestler wrestles with a thinner wrestler while an umpire dressed in green watches .
5476674072.jpg| 0| Two men in a bakery , one in a black cap and one in a white cap , are rolling dough out on a wooden table .
3020423842.jpg| 1| A man in a blue shirt leans on a wall beside a road with a blue van and red car with water in the background .
3628103548.jpg| 1| A woman singing and playing an acoustic guitar and three people accompanying her .
4042758072.jpg| 4| A boy in a costume sits across from a man smiling .
2457052334.jpg| 2| a person climbing a large rock with another person on the ground helping
2339516180.jpg| 1| This man with three dogs takes his route along the tree-lined street .
401405215.jpg| 1| A child is blowing bubbles on a beach at sunset on a warm , clear day .
4089335666.jpg| 2| A muslim woman holding balloons at an islamic event
4804599874.jpg| 4| People are gathered at a table to enjoy drinks .
4695983839.jpg| 4| A man is playing shot put with a skirt .
218225539.jpg| 1| A man jumps toward a floating device in a lake as another man watches .
4473826637.jpg| 0| A man and a woman are walking on a street at the top of a hill .
7636785060.jpg| 2| A guy , wearing a green shirt and white sunglasses , is peddling a tiny bicycle .
2868324804.jpg| 1| Three girls are running on a field in front of a fence .
4568884740.jpg| 4| A young girl in red is on a bungie jump ride .
24947103.jpg| 2| A guy dress in a yellow polka dot bikini stands in front of a band playing music .
2623346840.jpg| 1| A woman in a blue softball uniform with the number 10 on her back running home .
283214657.jpg| 0| A man sitting on a pile of blankets with a man in suspenders standing in front of him facing away from the camera .
3429956016.jpg| 3| A man climbs up a sheer wall of ice .
4758571023.jpg| 3| Six men shielding their eyes from the sun
481632457.jpg| 1| An adult Australian Shepherd follows behind a running Australian Shepherd puppy .
488437872.jpg| 1| A woman in a white sweater grabbing a man in the middle of a crowd .
4998936440.jpg| 2| A girl in a purple sweater mixes yellow paste in a bowl .
2857372127.jpg| 3| A man wearing a gray hat stands with a woman wearing a red hat .
370445133.jpg| 0| The cowboy is struggling to stay on the horse inside of the bullpen as he goes around the red , white , and blue barrel .
428506573.jpg| 2| Two men in medieval costumes have kites on strings in a town square .
7406123104.jpg| 4| A chef prepares food outdoors .
3429977605.jpg| 4| A man chopping something with a knife on a table .
2797490755.jpg| 1| A person with a camera holds the hand of a woman wearing a cap .
2890057168.jpg| 0| The man in blue , woman in white , and child in blue stand before a silver car .
4612743950.jpg| 2| Two elderly ladies sharing lunch on a bench .
3730944181.jpg| 4| Americans go to a baseball game .
3202804141.jpg| 4| Africans are gathering around huts talking .
241346215.jpg| 1| A mascot at a sporting event waves to the crowd .
2191522758.jpg| 3| Two sisters on a country road chasing sheep .
4886389665.jpg| 1| A town street is filled with people along with shops .
5572655622.jpg| 0| A crossing guard in a white hard hat , tan pants and black boots is directing traffic through the city .
4647706823.jpg| 3| Mom and her son put together a wooden track for cars .
484280924.jpg| 3| Chef making stir fry in a restaurant .
6932687061.jpg| 0| Man wearing sneakers and a gray T-shirt sits on his haunches facing a drum set with electrical cord around him .
4067575996.jpg| 0| People walking down the street in costumes , including one of a hospital gown that exposes the buttocks .
4890594204.jpg| 0| A man with a bandanna plays some homemade instruments in a crowded city .
4615085714.jpg| 3| A woman with her head down is in a very run down area .
3613705104.jpg| 3| A skateboarder skates down stairs covered in graffiti .
7504941054.jpg| 0| Two martial artists , one wearing mainly white and one wearing mainly black , fighting while a spectator with red-hair watches in the background .
3459492423.jpg| 0| A man in orange pants and a ponytail is free climbing a rock face .
3646927481.jpg| 1| a motorcyclist wearing a green shirt on a green bike jumping over a row of other green bikes .
3202281074.jpg| 0| Two women are shopping for glassware outside a store .
2508024651.jpg| 2| A drag queen dressed in black and white polka dots handing out a tray of Tropicana Orange Juice .
314904143.jpg| 1| A young woman with a ponytail climbs a white stone structure .
6804407509.jpg| 1| An asian man with a teal apron is using a knife to prepare food in a kitchen .
2718184776.jpg| 2| Two men and a woman are having a conversation on the street .
3615730936.jpg| 3| A rider on a dirt bike races through a forest .
542179694.jpg| 0| A firetruck stops and makes a call at a bridge , where a man and his dogs are running .
3319737840.jpg| 0| A young man in a white t-shirt sings into a microphone while others play musical instruments in the background .
7988239633.jpg| 1| Customers look at products during an open air market of fruit and vegetables .
3495349745.jpg| 4| A man helps a boy ride a bike .
493654365.jpg| 1| The four children are going incredibly fast on the merry-go-round .
3645809088.jpg| 4| A group of men play instruments on a stage .
105335409.jpg| 2| A mass transit person making an announcement .
2949497756.jpg| 4| Two tan dogs smell each others faces .
77063034.jpg| 1| A little girl wearing a red coat is riding a unicorn and waving .
4785739399.jpg| 0| Three men travel through water on a motorized inflatable raft .
4793876370.jpg| 0| Two children sit on the ground eating rice while looking up and smiling at the camera .
3535304540.jpg| 4| A red airplane that has left behind a trail .
4634392868.jpg| 1| A group of people are being led in a dance by a man in traditional dress .
3911874189.jpg| 4| Fresh vegetables at the produce market .
6962167854.jpg| 0| Six women in what appears to be a roller derby match , with bleachers and onlookers in the background .
4368362518.jpg| 2| A man playing the guitar for a small group of people .
5823148675.jpg| 4| A musical trio performs in front of a crowd
234374617.jpg| 3| A man on a cellphone sitting in the middle of a grassy field .
4558172302.jpg| 1| Two people standing next to a road looking off a hill .
1304961697.jpg| 4| Two children on surfboards wave to each other .
6533409787.jpg| 3| Two women stand in a kitchen and wipe down trays
2553131080.jpg| 0| A hand with tongs is reaching for a vegetable kabob on a grill that also has ribs and chicken kabobs .
4518349470.jpg| 1| A family is having a good time washing a blue truck .
3634032601.jpg| 3| a large group of people doing varied activities .
2064841667.jpg| 3| The little Asian girl has fun with party favors .
3446347599.jpg| 0| two men stand on a cliff top overlooking a sandy beach .
336579714.jpg| 0| A man with a wall of bookshelves behind him is gesturing toward an old antique-looking striped chair .
3328296271.jpg| 3| Workers with white t-shirts measure a wooden board .
4546834565.jpg| 0| People try to make a point about how big companies do n't care about people and only car about money .
4512530785.jpg| 1| People dressed up in festive costumes and holding hands .
22779916.jpg| 0| guest of a wedding sitting in bleachers near a pond .
3378167937.jpg| 2| A photographer is taking a picture of a backpack with a Vespa logo on it .
4503611071.jpg| 4| A young boy riding a dirt bike on a ramp .
2160230494.jpg| 2| Beautiful scene of a building in shadow with birds flying and a colorful sunset in the background .
4612135887.jpg| 3| Children in jackets hopping across water on rocks .
2642772565.jpg| 1| A woman wearing socks with no shoes is standing at the open back door of her car .
386656845.jpg| 0| A little tan dog is in confrontation with a large black dog in the snow .
7517274630.jpg| 2| A military section of a parade is marching with many different flags .
2449518585.jpg| 2| Girl swinging on a swing outside in a wooded area .
1947351225.jpg| 3| A group of kids are at a birthday party .
3538315292.jpg| 4| Girls performing ballet on an outdoor stage .
81110653.jpg| 1| A young boy in a blue jacket and a young girl in a lavender jacket are walking down the sidewalk .
3314850981.jpg| 2| A man with a blue shirt and black pants walking outside of a store talking on a cellphone .
4865556239.jpg| 3| A woman with short hair and wearing a costume bra stands on the street .
4565706377.jpg| 1| A little girl in a purple shirt is raking leaves .
4833609984.jpg| 2| The person in white T-shirt is standing on the road .
3407357681.jpg| 1| a dog sprints across the water .
4450153946.jpg| 3| A young man about to throw a football .
4672366159.jpg| 2| A man in a restaurant being looked at through a window .
5235384370.jpg| 2| Four people wearing snowshoes jumping on a snowy mountain with trees in the background .
172923228.jpg| 1| A man is sitting along the beach playing a guitar .
2301525531.jpg| 2| A black and white dog running in a snowy park .
3758175529.jpg| 4| A blond boy slides into a green backyard pool .
3587449716.jpg| 0| Three women in bright colors and headdresses are holding love message cards .
2432061076.jpg| 1| The large brown and white dog splashes on the shore .
4820830153.jpg| 4| Vending machines and snacks are on display .
741227062.jpg| 4| A man at a construction site .
3640417354.jpg| 2| A young girl in a red shirt swings face down on the swings .
4896595765.jpg| 3| Two young boys eat McDonalds for lunch .
3259757648.jpg| 1| a tan dog jumping over a goal net on a large grassy field
7272406870.jpg| 3| A center field baseball player diving to make a catch .
1491192153.jpg| 3| Heavyset man taking child out of swing set .
79520936.jpg| 0| An elderly man and young boy are sitting on the ground , and playing with a train set .
2426303900.jpg| 2| two young children under a blue and yellow umbrella .
4874998625.jpg| 4| Workers at meat market share a meal .
298920219.jpg| 0| The black dog is swimming in a lake with a white duck .
4719170123.jpg| 1| A fireman looks toward a building that has been evacuated as groups of the people look on .
3340857141.jpg| 3| A small white dog and a large brown dog .
3169016042.jpg| 0| A blond child pours water from a yellow cup while sitting in a bathtub full of water .
4038718263.jpg| 0| There are two shadowy men standing along side a stream that runs through a paved courtyard in front of some stairs .
2864575495.jpg| 3| Two cooks attend to the chicken grill at an outdoor barbecue .
2646673527.jpg| 1| An older young boy and a middle-aged boy looking and laughing at a computer screen .
6950137939.jpg| 2| Two teams compete in a game of football and are hurrying to catch the ball midair .
2300229745.jpg| 0| A dog with floppy ears runs on the grass , a fence behind it .
3546891929.jpg| 4| A man in a helmet holding a cellphone .
4419325681.jpg| 0| A person , surrounded by trash bags and wearing a conical shaped hat , is eating while sitting on purple and yellow colored steps .
2520892855.jpg| 0| People talk among themselves near an outside sitting area .
3859513880.jpg| 3| Multiple persons are swimming in a swimming pool .
3389448506.jpg| 0| A light colored dog with tongue hanging out of this mouth running on the grass .
1457898867.jpg| 0| A young boy sit alone in a wagon and holds on tightly to two cattle as they follow his mother 's wagon down a dusty dirt road .
3038755837.jpg| 2| A man is sitting on a bench that faces a body of water .
3667781063.jpg| 1| Tourists enjoy a traditional boat ride in long paddle boat .
5371109894.jpg| 2| A woman is carrying a large pot over her head along with a stack of hay placed on top of the pot .
4755693778.jpg| 0| A baby in an orange t-shirt holds onto his stroller like a steering wheel .
2699733386.jpg| 3| A black dog wading through water .
3531474185.jpg| 0| A man is biking down the street while holding a ladder , off to the side , a man is carrying a large bucket and two sticks .
4966813714.jpg| 1| Two people tend their vegetable stand on the sidewalk in front of an open doorway .
2360194369.jpg| 1| A young boy in a red jacket stands on a pier with a fishing pole and chair near him .
183502317.jpg| 0| A man in an office boardroom is cutting slices of cake for everyone .
219301555.jpg| 1| An extremely wet woman is wading in front of a waterfall .
2176229181.jpg| 4| People gather in an gymnasium for an assembly .
5502202358.jpg| 1| This man is doing a back jump off diving board .
4691655395.jpg| 1| Two dogs kind of unfriendly with their owners that are sitting down in front of a times realty sign .
2750912179.jpg| 1| Two girls in dresses are looking through a metal fence , and one girl is trying to climb the fence .
6324621970.jpg| 0| A soccer player dressed in white and blue kicks the ball while her teammates look on from the bench .
6200737945.jpg| 3| Girls team members gather in a group raising their hands .
4963810508.jpg| 4| Young child wearing religious outfit .
3379314077.jpg| 3| Horse and man standing on a dirt trail .
2907904426.jpg| 2| Some people are applying for something .
3066338314.jpg| 4| A man sits at a table .
4260087651.jpg| 4| A young man playing cricket on a field .
302289651.jpg| 3| A man eating and holding a baby with a white hat on .
7168425380.jpg| 4| A young boy getting ready for a day of fishing .
2042058437.jpg| 3| Many Asian people are in a parade while two children watch .
2976946039.jpg| 0| People surfing and attempting to surf in the ocean on a big wave .
158484558.jpg| 1| A man and a woman stopped on the sidewalk looking at something with their eyes big and wide .
4810804391.jpg| 2| A woman lying in a grassy field taking a photo with her camera .
2531074685.jpg| 3| A man working on his art in a public setting .
2902486045.jpg| 0| Two dogs are urinating on the red fire hydrant .
2240975290.jpg| 0| There are five children playing soccer , two from the red team , three from the white .
1029737941.jpg| 0| Boy in brown shirt with headphones on sits on woman 's shoulders in a crowd .
4859271957.jpg| 0| two people wearing bright green shirts and dark pants are standing next to a white and blue van with a black and green stripe .
1094671386.jpg| 0| An oriental woman with her fist raised in the air , other oriental people around her , and a black Moped beside her .
5731856709.jpg| 2| old man in navy jumpsuit sweeps floor as women in red hijab walks in the other direction .
4732499821.jpg| 3| An older woman walks in the rain holding a red umbrella over her .
2209036528.jpg| 3| A man and women waiting for a street crossing sign .
2813784259.jpg| 2| At dusk , a soccer player kicks the ball off the sidelines .
50797765.jpg| 1| A man in jean overalls and a red shirt is making giant bubbles for the passersby .
2234702530.jpg| 3| A man wearing jeans and a backpack stands on the sidewalk .
2578834476.jpg| 1| A person with a helmet is riding a bike i the grass and dirt .
280899906.jpg| 4| A black man and a motorbike .
5117920988.jpg| 2| Two men sit at a glass table with papers on it .
4897526581.jpg| 1| A young woman in shorts and a tank top is listening to music and smoking while walking .
3259110412.jpg| 2| A rock face is covered with snow and ice .
4461519605.jpg| 4| A middle eastern man walking across a street .
646453606.jpg| 3| Two young girls are having a snowball fight .
493276179.jpg| 4| A tattooed man walks down the street .
3978631696.jpg| 3| A construction worker is taking a break .
5352278538.jpg| 4| Two young boys watching someone on a skateboard .
6664030.jpg| 4| Two people in a kitchen with cups of alcohol beverage .
3393152604.jpg| 2| A bulldog jumps over a log next to a stream .
4448063160.jpg| 4| A woman stands outside a store while other people pass by .
3860415767.jpg| 1| A man in a light blue long-sleeved shirt wearing a red and white scarf on his head stands beside a makeshift fruit stand .
961611340.jpg| 1| a young girl wearing a pink tutu dancing with another young boy in the background .
2251830139.jpg| 2| Children crowd around a cart advertising something for 2 Euro .
3532539748.jpg| 4| Smiling man and boy standing in a yard .
4950401297.jpg| 0| A man in a blue outfit rides a hang glider high over a neighborhood of houses .
3091912922.jpg| 4| A dog runs with a yellow toy in its mouth .
780260019.jpg| 1| People in blue uniforms stand on the street as observers watch from the sidewalk .
6652784337.jpg| 0| One shirtless man is taking pictures of the other people in the road , one of which is skateboarding , while a woman watches from across the road .
4571467071.jpg| 1| Woman sign up at a table during a hat society meeting .
3013203854.jpg| 2| Two men with a hand on each other 's back and one man is looking up .
2722957422.jpg| 4| The children are getting off the bus .
5159056173.jpg| 0| A group of children are looking at a sculpture in a museum .
2125074196.jpg| 4| Artist putting the finishing touches on wall mirage .
739944487.jpg| 3| Two people are rowing a boat as a flock of birds pass them .
4003168567.jpg| 0| A group of people with colorful clothing walking down the street playing homemade instruments .
4842411522.jpg| 3| children woman and man in a park looking around a park
3625537155.jpg| 0| A lady in a white shirt with a baby in one hand , and a stroller in the other hand , walks through an outdoor kiosk .
6315830428.jpg| 3| A bicyclist is pushing hard to complete a race .
4612314410.jpg| 3| People outside standing by the subway station .
4653330656.jpg| 4| A man spray painting a mural
2090215703.jpg| 0| Two men wearing work attire , stands next to an eighteen-wheeler , outside a large plant .
2536876757.jpg| 1| Guy in blue jacket and hat standing in front of some type of machinery while starring up with a big smile .
2542292902.jpg| 3| Two workers are checking a train door .
363701716.jpg| 3| teen athletes are resting on a bench after their run .
518789868.jpg| 2| A male in a black shirt near a large curved archway .
5769937988.jpg| 1| Chefs prepare food on a grill in front of their customers .
1079274291.jpg| 2| Two young boys look up at the camera as one sticks out his tongue .
5510989691.jpg| 4| A man in a suit is holding a frying pan .
4868582683.jpg| 1| A man in an orange shirt is in a giant plastic ball that is in water .
468930779.jpg| 3| A brown dog carrying a stick in its mouth .
2206060803.jpg| 1| A man is pushing a cart with wooden barrels across an empty street .
288261862.jpg| 1| A marching band is standing outside a building in an urban area .
6759038111.jpg| 2| Two figure skaters practicing their routines on the ice .
2635509973.jpg| 2| A child playing with a yellow bucket on a beach .
4368366048.jpg| 3| Speakers in a room full of people sitting in chairs .
1045521051.jpg| 4| A television with a picture of a girl on it .
4726972254.jpg| 4| A man on a red motorcycle .
7099368287.jpg| 1| Two football players compete for the ball while another teammate looks on .
2698119128.jpg| 4| A girl enjoys the swimming pool .
2305517013.jpg| 2| A man goes snowshoeing in the winter with mountains in the background .
4597021222.jpg| 1| One man plays an acoustic guitar , while another accompanies him on the accordion .
7130486481.jpg| 4| Body surfing at the concert .
2644470867.jpg| 4| A girl is dressed up as Wall-E the robot .
195546059.jpg| 2| A man in a tie stands in an elevator shaft near a garage construction site .
4660152902.jpg| 2| The woman is wearing a flower printed shirt .
2764178773.jpg| 1| A person is holding onto a bicycle in the air with his body in flight position .
96113759.jpg| 0| A person , dressed in a white shirt , is sitting in front of a mirror and applying makeup .
3006095077.jpg| 1| Two men wearing hats stand together and smile .
2567554362.jpg| 1| Caucasian female In a black dress , Near an old Wooden Fence .
4834121945.jpg| 3| Two cars are parked by a body of water by some cranes .
2610183526.jpg| 2| A bride and groom are standing on a walkway looking at a body of water .
5234657740.jpg| 4| A man is playing a guitar solo
291768952.jpg| 1| Man in jeans and sweatshirt jumping in air on wet surface that shows reflection .
3073535022.jpg| 2| A woman in a yellow shirt is surfing on a white surfboard .
343662720.jpg| 0| This bald man , who appears to be asleep , is sitting at a table at a library .
4788653947.jpg| 2| An older lady sitting on a black chair with her leg up on a walker .
3318995586.jpg| 1| The little girl is sitting under the basket while the man throws the ball .
2834032170.jpg| 4| Two station wagons unloading cargo in third world village .
2473689180.jpg| 2| A wakeboarder is jumping a huge wave .
2438616168.jpg| 0| A young man in a white sweatshirt and jeans sits next to a young girl wearing a black sweatshirt and jeans on a set of stairs .
3759492488.jpg| 2| The boy is swinging on a pole at the beach .
3659686168.jpg| 4| Two young women sit by a fountain .
8066894280.jpg| 0| There are children and adults from an Asian culture , and two of the adults are wearing clown noses and are standing on either side of a young boy , while one of the adults has a pink tube in his hand and is pointing at the pink tube in the young man 's hand .
6155570605.jpg| 4| A man participates in a tricycle race .
397014085.jpg| 2| Two young males talking to each other on a grassy surface .
2514571664.jpg| 3| A woman in a blue apron cooking in a kitchen .
3793619579.jpg| 2| A boy holding a silver helmet is staring at something .
44619131.jpg| 3| Three men and one woman are working on computers .
4843548093.jpg| 1| A woman in a pink dress holding an umbrella and standing on a concrete pillar shushes the camera .
83292701.jpg| 1| Two boys in black pants are in contact with each with a slide in the background .
2214821600.jpg| 2| A woman carrying a black purse is walking past a green gagnant sign .
2608116127.jpg| 4| A small dog and a kitten are facing one another .
4490635744.jpg| 3| They are here to ensure no one crosses the barriers .
279550225.jpg| 4| Man with a pierced tongue next to a woman .
3410899419.jpg| 4| Children bathe in water from large drums .
2773011586.jpg| 1| Water log amusement park ride with people in it at night .
4822495419.jpg| 0| A man standing in front of a shop that is closed wearing a bag and eating a yellow Popsicle talking on his cellphone .
539751252.jpg| 1| A toddler is making a splash inside a blue paddling pool .
538638526.jpg| 2| A lady in a red shirt and white pants is standing on a trashcan trying to take pictures .
4552595911.jpg| 2| These people are gathered in a room reading something .
3590654365.jpg| 4| Four men in a rodeo with a bull bucking
3631530817.jpg| 3| A man on stage next to a microphone .
2414136642.jpg| 4| Two people hugging on the street .
2299720433.jpg| 2| A man sitting at a table using a notebook computer .
1175268298.jpg| 3| Young boy fences with a dummy in a wooded setting while others pass by .
3856149623.jpg| 4| People at work reading procedures .
3380072636.jpg| 1| A team of soccer players lifts one teammate so that he can reach the ball .
5340639100.jpg| 4| A group of young adults are hanging out in a bowling alley .
380817690.jpg| 4| A woman is sitting in a room filled with art pieces .
43331469.jpg| 1| Toddler playing with chess pieces on a chessboard .
2648165716.jpg| 2| A little boy holds a bat in the air waiting on the ball .
2324842075.jpg| 4| A man is speaking into a microphone .
3672940355.jpg| 3| a young girl kicking a blue ball
4975536758.jpg| 3| a boy running away from his bicycle on an empty street .
4605436317.jpg| 2| Two people are dressed in costumes with flowers on them .
2951092164.jpg| 1| A little boy and girl in their swimsuits wearing arm floats .
3156379613.jpg| 2| The man in the gray hooded jacket finds the missing piece .
766099402.jpg| 1| The woman is wearing an orange dress riding on the ferris wheel .
243380205.jpg| 1| Young boy jumping off of a trampoline into a lake .
3038952914.jpg| 2| Four people looking off into the distance with binoculars .
457507422.jpg| 1| Two men work with wooden beams in a room undergoing refurbishment .
4783280278.jpg| 1| Two little girls are sitting on cement steps eating .
4538210392.jpg| 1| A man jogging on a nice park jogging path , surrounded by spring foliage and trees .
1182733666.jpg| 1| One man in a blue shirt is operating a watering hose and another man in a brown shirt is moving tarps .
4847077399.jpg| 3| Many people stand looking a woman holding a dog in a blue sack .
3660826540.jpg| 1| A young boy wearing a striped shirt points into the distance .
1335519498.jpg| 2| A woman is pushing a young girl in a swing .
3084380974.jpg| 0| A surfer in a full body wetsuit in the ocean with a white surfboard .
2640000969.jpg| 4| Brown dog jumping into the pool
7617060434.jpg| 2| A teen is standing in a field and is in the upswing position after hitting a golf ball .
2610182170.jpg| 4| A bride admires her bouquet .
2709683703.jpg| 1| A man is squirting water into a white dog 's mouth with a squirt gun .
2344820947.jpg| 2| Three people stand outside in front of an A-frame .
3056784295.jpg| 3| Woman with red pants riding a moped .
4726714032.jpg| 4| Big water fountain in middle of courtyard .
4835932220.jpg| 2| Man walking by a corner market with graffiti .
4144960305.jpg| 4| The bruins play hockey against an opposing team .
1925086298.jpg| 2| A woman is typing at a computer while another woman stands over her and looks on .
2255280884.jpg| 3| young Chinese children are at band practice .
4039390335.jpg| 1| Women in colorful foreign clothing talk in a market next to a bread stand .
157955034.jpg| 4| A woman sitting on a lawn chair .
137444466.jpg| 2| People in a courtyard plaza are sitting and standing .
106039369.jpg| 2| A man in a home kitchen is flipping a pancake extremely high .
4852309195.jpg| 4| A group of anime cosplayers gather for a photo .
459560684.jpg| 4| A woman stands near a light fixture next to a man .
6282577355.jpg| 0| Two motorcyclists round a curve along a racing track , in close proximity to one another .
4928359809.jpg| 1| The parade of nations at the opening games of the Olympics .
2463991834.jpg| 3| Four men pulling a cannon on a wagon .
4238762387.jpg| 0| A woman in a yellow shirt behind an outside counter is smiling and giving the peace sign .
4720926155.jpg| 2| A man is scratching his back while walking along the shore .
493274225.jpg| 1| A man walking behind a red truck near a storefront .
3433386961.jpg| 4| three young women goofing off at a bar .
153299765.jpg| 2| A man prepares to sell items from his food cart .
115684808.jpg| 0| Three people are standing in the snow preparing an ice fishing boat .
3441531010.jpg| 0| A brown and white dog runs through the water with trees and branches around .
4602508987.jpg| 0| Two ladies in sunglasses sit and rest on a black marble decoration in the city .
140770875.jpg| 0| An older gentleman working with a machine and shaving down a wooden object
7271256962.jpg| 2| a woman in sunglasses takes a child out in a stroller on the sidewalk .
384104693.jpg| 3| A woman in sunglasses and a scarf walk down the sidewalk .
4675063973.jpg| 4| A woman and a man at a crosswalk in nyc .
2469638631.jpg| 2| Several men are standing in a grassy areas with one man kneeing a soccer ball .
2885912662.jpg| 0| A small girl is looking at a pink and black ball , in a parking lot .
390892622.jpg| 0| Several youth stand around watching as a banjo player , piano player , and guitar players play in a dirty setting .
2325436612.jpg| 4| Two men are looking through microscopes in a room .
4578856261.jpg| 4| A man wearing a backpack is walking down the street .
2500467647.jpg| 3| A technician uses microscope to solder a circuit board .
799431781.jpg| 0| The little boy covering his mouth is sitting between a covering his eyes and another boy covering his ears .
2344969116.jpg| 1| A group of young boys in red robes are bringing their pots to be filled with water .
4567985140.jpg| 3| A man in a plaid suit coat gestures with his hand .
3876652419.jpg| 4| Three young boys tossing a watermelon .
3361278843.jpg| 4| Two black males in front of a rickshaw .
6312121806.jpg| 2| a man is sweeping the sidewalk with a push broom
144571886.jpg| 1| Woman giving a presentation about a Chevrolet car .
4850359729.jpg| 1| Two women walking down the sidewalk in the city communicating with one another .
2426047791.jpg| 0| Older men and females stand around as men carry at hot object with coals in it .
4400684369.jpg| 0| Two girls in white sitting next to man in tan shirt , with two boys who are facing away from camera , all sitting around a table with blue top and blue and white dinnerware .
618292739.jpg| 0| A woman in tight jeans and a long-sleeved top in front of a line of yellow flowers and a slightly cloudy skyline .
4942452239.jpg| 1| Three men in overalls walk down a sidewalk in the midst of pedestrian traffic .
4483334217.jpg| 0| A man jumps with his bike in a parking lot next to a four story building .
3781615817.jpg| 4| Two ethnic men are talking outside under a tree .
4633772793.jpg| 2| A Muslim is watching an outdoor event next to a woman with a umbrella .
350443876.jpg| 0| A person stands on a ladder and a small child climbs at the bottom of the ladder .
229352841.jpg| 2| Two men in tee shorts work diligently preparing food for customers .
5293036215.jpg| 0| Two women standing outdoors on a winter day in the countryside .
7212803242.jpg| 1| A little child is trying to feed his mom a piece of messy cake .
3052412278.jpg| 2| Three kids wearing brown shirts and jeans jumping outdoors with leaves on the ground .
43390068.jpg| 3| A man and woman are standing on the stairwell
4929428870.jpg| 0| A group of people works hard to paddle their boat .
2407091303.jpg| 1| A little boy wearing a red shirt is standing on a slide .
7635804008.jpg| 1| Participants are on horses competing in a game
4956736363.jpg| 4| People exit from a grand doorway .
495340319.jpg| 3| Boys playing tag football run down the field .
33108590.jpg| 4| two people look at a street vendor .
5971180169.jpg| 1| Three female swimmers in swim caps and goggles are lined up in a pool with their arms outstretched .
3204500803.jpg| 4| Two women wearing red skirts .
3657209354.jpg| 0| A person wearing a hat and glasses sits on a cliff and smiles .
3569406219.jpg| 0| A Japanese woman in a colorful outfit is walking with a man dressed in black past a wooden building .
4718157654.jpg| 3| Two women buying baked goods from a man at a market .
3829614604.jpg| 4| People are moving delicate objects .
3443460885.jpg| 2| A young girl stands on a rocky beach looking at the water .
2858757067.jpg| 2| A man dressed in a red coat , white pants , and black boots is sitting on a horse at an amusement park .
3970114165.jpg| 2| A man and woman watching a sports event in a stadium .
2321764238.jpg| 0| A young woman with blond-hair is holding a white statuette of a Japanese geisha woman .
2425411995.jpg| 2| A woman in tennis clothes running to hit a ball with her tennis racket .
4248543428.jpg| 1| Busy city street scene displaying pedestrians and automobile traffic .
5367322642.jpg| 2| A woman uses a cultivation tool to tend to crops in a field .
5321755236.jpg| 4| A woman jumping in a desert like area .
1242629236.jpg| 2| A man wearing a brown shoes and with a cardigan and glasses sits in a short stool .
3187801616.jpg| 0| Man in a military outfit handing something in a plastic bag to a group of children outside near a brown building .
2178306830.jpg| 3| A scuba diver swims underwater while wearing fins .
2623023009.jpg| 0| One young girl is sitting on the edge of an in-ground swimming pool , while the other girl is next to her in the water wearing swim goggles .
1680409989.jpg| 4| A lady painting on a public wall !
6317524663.jpg| 1| Adolescent white man with black hair , black pants , and a white and black polka-dotted shirt holding and singing into a microphone .
2528521798.jpg| 4| A white car racing in the dirt and water
472496249.jpg| 2| A woman dressed in green wearing a blue headdress lays on the smooth looking sand in a desert .
7651090648.jpg| 0| A woman with brown hair and a black blazer is making a speech at a podium about working women .
2535447414.jpg| 0| A man with glasses and a tootsie pop , browsing through pictures on his digital camera .
3914720167.jpg| 1| A young girl in a black dress is holding a red flag and covering a happy expression .
5589601689.jpg| 3| A hand holds a pencil over a page of sheet music .
3458211052.jpg| 0| A line of people staring at the vehicles on the dirt track
162839055.jpg| 4| Several uniformed people are standing in ceremony .
3862675867.jpg| 3| A crowd of people is standing outside next to a street .
6225843702.jpg| 0| A cyclist on his bike jumps over a board in a large open grass field , during what appears to be a race .
468694416.jpg| 0| 2 elderly women in light colored clothing holding a flag on the side of the road while two women watch .
2871962580.jpg| 2| A football player with a football is being pursued by another player .
2690960083.jpg| 1| A young asian woman in an orange dress speaking to someone .
4879725156.jpg| 3| This bandana clad woman is looking down at something while people are all around her .
3821667323.jpg| 4| Two boys are playing in the water .
247637795.jpg| 1| A woman wearing a scarf stands near the water and looks down .
4811312839.jpg| 3| A man in a hat and an orange jacket stands beside a plastic wrapped female mannequin .
1781227288.jpg| 0| a man wearing a yellow shirt standing in the middle of a bunch of garbage and a graffitied wall .
3546342037.jpg| 2| Couple getting married , bride holding pink flowers .
2899501488.jpg| 2| People on motorbikes are coming around a turn .
3973858553.jpg| 4| A lady with an exposed belly holds a beer can .
2622702783.jpg| 1| A woman in a white shirt is ironing clothes in a bedroom .
7664119606.jpg| 2| A group of team Great Britain cyclists , try to pedal their way into victory .
3329094415.jpg| 2| Man in green shirt and black pants is jumping in the laundry room .
17185253.jpg| 0| Here are some elderly people sitting on the bench in the park .
2959941749.jpg| 3| A group of men playing hockey .
73471419.jpg| 1| Two guys in a hot tub relaxing .
4796766141.jpg| 1| A woman with wavy short red-hair and glasses wearing a tan sleeveless shirt is walking down a street .
6201072279.jpg| 2| A guy about to hit another guy with a hammer , while third guy watches .
448257345.jpg| 3| A person is eating pasta , while a dog is watching .
23016250.jpg| 1| A woman wearing a yellow outfit is holding a racket .
400946967.jpg| 3| A shirtless man works on preparing a fish in a sandy area .
2924259848.jpg| 4| A dirt bike takes a turn .
1095109931.jpg| 1| A young woman holds a red and green pepper at a vegetable stand .
3631029759.jpg| 0| Two women , both with short , dark hair and wearing glasses , sitting on a wood bench , taking pictures on their iPhone of sleeping puppies , who are lying in a red cardboard box .
4678723492.jpg| 3| A man picks up a dripping wet woman happily .
3500502955.jpg| 1| A woman in a white shirt and jeans holding two rakes as she walks down the street .
6291644661.jpg| 0| Two teams of men ( one wearing green uniforms and one wearing black and white uniforms ) are playing a sport on ice wearing rollerskates .
1146938063.jpg| 3| Two men carrying books , walking and talking in a field .
6926512292.jpg| 3| a woman playing volleyball wearing a neon swimsuit top .
3700322513.jpg| 4| A bike rider jumps through the air while being filmed .
2491343114.jpg| 4| A dog runs across sand .
3170713647.jpg| 4| A man in a white shirt reads the paper by a tree .
6284009144.jpg| 2| A lady in a red dress is posing on a tree .
1328411383.jpg| 2| A man and a woman are walking along a sidewalk and talking in the sun
3346614841.jpg| 0| Young boy wearing sunglasses , and a brown shirt with black swirls .
5899467604.jpg| 1| Six men wearing yellow suits and orange life vests are leaving a rocky shoreline on their boat .
124390903.jpg| 0| A woman wearing black glasses is sharing sweets with a toddler girl wearing a princess hat .
84824317.jpg| 2| A man with a machete sitting and cutting a piece of fruit .
2445234281.jpg| 3| A young lady lying on the ground near water relaxing while reading a book .
4642842928.jpg| 2| Two people riding a scooter at night in traffic .
534318261.jpg| 4| Children are learning about a firetruck .
1605250088.jpg| 2| A man in a brown trench coat carrying a guitar case .
192786590.jpg| 2| A man is holding the hand of a woman in a white dress and smiling .
1234293791.jpg| 0| A young girl wearing a helmet and riding a brown horse .
128395625.jpg| 4| Two people are riding bicycles next to a building .
2596474836.jpg| 3| A woman helping a toddler to swim in a pool .
2634085089.jpg| 3| A girl in a white dress is walking near a pigeon .
4931229672.jpg| 2| A cowboy on horseback is attempting to rope a calf .
3954079669.jpg| 1|" A street musician sitting playing guitar with an open case and a sign reading "" TELL ME WHY MY MUSIC SUCKS "" ."
3069837790.jpg| 3| Old women carrying groceries down the stairs .
4938776115.jpg| 2| A man is on his phone while sitting on a chair along a rocky beach .
4303786905.jpg| 4| Two people looking at a structure outside of a tea room .
2860344033.jpg| 1| The grownups are smiling as a child plays with some rocks on the ground .
237547381.jpg| 2| a black and a white dog play with a rope toy in a backyard
4751332425.jpg| 2| A lady wearing a black dress and with sunglasses is talking on the phone .
3285552304.jpg| 4| A family sits at the front of a crowded stadium .
2266019996.jpg| 4| A snowboarder posed mid-jump .
4302245124.jpg| 3| five ballerinas dancing and jumping in the air at the same time .
5613922717.jpg| 0| A worker in a hard hat is sitting on a beam in what appears to be an unfinished building .
3494394662.jpg| 2| An older man wearing a black jacket standing outside .
2636454827.jpg| 2| Three people smiling in the distance on a mountainous area .
3163198309.jpg| 3| A skier coming over a snowy hill while people look on .
1798209205.jpg| 2| A blond-haired woman is pouring drinks at a bar .
3442272060.jpg| 3| Two dogs play with one another outside .
340816800.jpg| 0| A woman wearing a white shirt looks at a woman sitting next to her who is making a funny face .
3416050480.jpg| 4| A person on a horse jumps over a broken down airplane .
4628050549.jpg| 0| A man dressed like the Statue of Liberty is wearing a robe , has his face painted a bluish color , and is holding the same type of flame in his right hand .
6179361394.jpg| 1| Cyclists race down a street , entering a turn in front of the camera .
3464708890.jpg| 3| A man jumps over a brown chair while skateboarding .
4479587916.jpg| 0| Man in dark blue pants and coat , walking on sidewalk , looking at his white music player , with earbuds in ear .
65757777.jpg| 1| A large man attempts to climb a tree while a cat & dog sit near him .
2866696346.jpg| 4| Men riding skateboards .
2877038014.jpg| 0| A well-seasoned jazz musician playing his saxophone performing at a local concert .
3526564503.jpg| 3| A woman in a pink shirt examines her camera .
4440310504.jpg| 4| An older couple crossing the street .
2677614492.jpg| 1| A brown and white dog is jumping over a yellow and red pole .
209063078.jpg| 3| A boy , barefooted , sitting in a tree .
1749201369.jpg| 4| Workers fix train tracks .
2150321274.jpg| 2| A woman is taking a man 's blood pressure in a kitchen .
202029970.jpg| 3| Three hot air balloons being filled on the ground .
2960133289.jpg| 3| The man in the black leather jacket is jousting from his bicycle .
3254640083.jpg| 4| A man climbs a rock wall .
2926233397.jpg| 4| A brown dog up to its neck in water
230819485.jpg| 4| YOung man enjoying a carnival game .
3332467180.jpg| 2| A man lights a cigarette on a loading dock near a dumpster .
5428317596.jpg| 2| People with white lab coats looking into a microscope .
161975684.jpg| 3| A choir practicing in a church .
615927423.jpg| 4| Young guy standing on a traffic signal .
353418934.jpg| 3| Old man playing the accordion on a street corner .
3293751136.jpg| 1| Teen girl in a parka kissing teen boy in a brown jacket on a snowy street
3567061016.jpg| 2| a bird flies low to the ground .
2285847538.jpg| 4| Older man working on a loom .
4552368228.jpg| 1| A man wearing a hat is standing on a machine that is being pulled by horses .
4476440464.jpg| 0| Two women with stethoscopes and a man with a blue hairnet on working tedious over an unknown object or person .
2785115802.jpg| 0| The black and white dog swims with a brown object in its mouth .
1534920819.jpg| 2| Spectators on a rocky , grassy beach sit and watch events unfolding on a lake .
2394237885.jpg| 3| A man on patio furniture drinking a beer .
964197865.jpg| 3| A child plays with a toy in the grass .
519228867.jpg| 1| A little girl is sitting in a metal tub filled with water .
4512406110.jpg| 3| Four girls wearing red uniforms are walking down the street .
4093746088.jpg| 3| A guy standing by an electric pole and posing while at work .
370713359.jpg| 4| Many people sit in a Mexican restaurant .
3039209547.jpg| 1| A man wearing carpenters pants and a green hooded sweatshirt walks down the street .
1718184338.jpg| 2| Two people stand on the rocks above the water and look at something .
160585932.jpg| 3| A car is partially submerged in a lake .
3941241861.jpg| 1| Three men at a table while one looks on holding his martini .
87761964.jpg| 0| Seven people , including a man wearing a black shirt and tan pants , stand on a stepped surface next to a body of water .
4493888960.jpg| 1| A person wearing a colorful clown outfit without clown makeup on but with a sequined bandit mask and sequined witch hat , is creating something from an orange balloon .
7632093958.jpg| 4| A lady in hanging off a red trolley , waving .
3028145992.jpg| 0| A woman in a white shirt and hat speaks to a large crowd of men and women using a megaphone .
220028982.jpg| 4| A boy child player with his mother
4968012871.jpg| 4| A lady in a white dress holding a rooster .
2918653119.jpg| 0| rollerblader in green shirt and hat , slides down a green handrail next to steps
1459582913.jpg| 3| A cheerleading team doing a routine on chairs .
3357708906.jpg| 4| Dogs and their masters gather on a dirt trail .
3675345761.jpg| 3| A man reading a picture book to a child .
2085403342.jpg| 2| The boy is running through hay at a pumpkin patch .
7072091637.jpg| 1| Man pouring liquid from a pot to a bowl in front of a crowd .
1409001204.jpg| 2| A man in a black shirt and jeans with glasses and white shoes is jumping high off the ground .
164622257.jpg| 0| A man in a black jacket and blue jeans carrying a camera walking up to the front of a cave that has the front of it blocked off by bars .
3669315178.jpg| 1| An artist is carving an intricate sculpture using a tree and an electric saw .
496110746.jpg| 0| a young child in a purple shirt hanging upside down on a swing
2172329361.jpg| 1| A man and a woman dressed in festive costumes are holding gift baskets , and there is a brick wall in the background .
2443229844.jpg| 0| A child wearing a blue sweatshirt makes a funny face standing next to a wagon .
4944749423.jpg| 2| Three officers arresting someone on the corner of a street .
11245644.jpg| 2| People gathered at the steps of a church-like architecture .
5022814254.jpg| 3| Worker carries a bale of grass while harvesting out in a field .
3574962735.jpg| 4| People drinking beer on a doc .
986127455.jpg| 3| A woman in a black suit is walking by .
3368379417.jpg| 2| A person running and jumping over a sand dune .
4781019036.jpg| 0| A group of men and women are in the carnival ride .
69213029.jpg| 2| An older woman looks at the camera , while another older woman tries on a hat inside a store .
506485519.jpg| 1| This is couple hiking over some rocks in a park of some sort .
5710348031.jpg| 1| Two men operating a hose that is hanging down into the water , the target of it is unclear in the picture .
3409347172.jpg| 4| A woman in a jacket looking at a lake .
1472653060.jpg| 1| A young man in a black and red t-shirt preparing food on a yellow cutting board .
329456684.jpg| 1| A woman in black cleaning up some tables with a restaurant and staircase in the background .
5284813529.jpg| 0| A family is taking ride in a old style horse-drawn wagon , driven by a man in a vest and derby hat , down a tree and shrubbery lined grassy path
8192488887.jpg| 1| There four older people three are males and one is a lady and they all look lost .
4013421575.jpg| 1| Five young women are gathered together in a room with green and blue chairs .
897406883.jpg| 2| A toddler in dirty jeans attempts to pull a younger child in a wagon .
409001107.jpg| 4| An old man on a bicycle is biking past a large white chapel .
1836335410.jpg| 4| The man holds a light Sabre .
7409854468.jpg| 1| Five men dressed in athletic apparel on a jog are along side a road beside a large field
4650790184.jpg| 4| A woman watches a man take a photograph .
10951809.jpg| 3| An old women with a cane sitting in her rocking chair .
2449446913.jpg| 3| Twelve members of a baseball team walk across the diamond .
4966417717.jpg| 4| Two men run in a race , side by side .
3552507374.jpg| 2| A young woman is riding an elephant while the handler sits in front of her .
2441818133.jpg| 4| A man in a purple shirt is carving wood .
2803337740.jpg| 4| A man reaching up towards hanging clothing .
5226870137.jpg| 0| A man in a suit driving a horse-drawn buggy down a stone street .
4328537975.jpg| 3| Two young students sharing their assignments in front of the class .
3498633396.jpg| 0| A female is helping a child drive a bumper car .
4813957025.jpg| 0| An aging man in a green and orange palm tree shirt and straw hat holds a red drum and a drumstick .
6734323683.jpg| 1| A magician is performing a trick with the help of an assistant with a crowd watching .
4703903704.jpg| 2| Two girls riding down the street on unicycles .
4486352233.jpg| 4| Group of dogs walking and sniffing on gravel .
4932142811.jpg| 1| A man rides hid rickshaw down a deserted street .
3477715432.jpg| 1| Two teenage girls dance in pajama bottoms , one holding a paper .
4543597747.jpg| 3| Two men letting their dogs play together
2429464837.jpg| 1| Four people wearing aprons and holding a mug in each hand are pouring something into each others mugs .
179122558.jpg| 0| Men in black and gold kilted uniforms stand in a circle with bagpipes in a grassy park .
349738327.jpg| 0| A family along with their household pets are taking an outdoor trip during the winter .
4584341152.jpg| 3| A man wearing sunglasses has green writing on his arm .
2084157130.jpg| 3| Two dogs running fast in the grass .
4661097013.jpg| 4| A guy and a girl having a conversation .
2124547387.jpg| 3| A man of African descent stands atop a beam .
374437808.jpg| 4| A sad lady holds a picture up of her friend .
4870438924.jpg| 2|" A man walking with a shopping cart wearing a t-shirt that reads "" long live the dead "" ."
3690425778.jpg| 0| The person wearing shorts and a shirt is jumping off a dock , into the water .
3261666285.jpg| 2| White player attempts to get ball from black player on basketball court .
4557557135.jpg| 3| A man is selling decals on the street .
597543181.jpg| 3| A boy plays on a green swing .
2091893535.jpg| 4| A musical group in a church .
2494518978.jpg| 2| A woman in a black top mugs for the camera .
1405665934.jpg| 3| A woman with a white jacket , and a silver butterfly ring , waits and reads a book .
4456116509.jpg| 4| A guy playing a game at a fair .
2276230068.jpg| 2| A toddler with orange star sunglasses , sits at the base of the bed as he plays with his toys .
2934000107.jpg| 3| A black dog is swimming through water .
2573625591.jpg| 2| three dogs are running across the grass near to a blue industrial building .
2610183206.jpg| 3| A bride and her wedding party stand in front of a lighthouse and water .
3372214646.jpg| 3| A group of greyhounds race on a track .
9950858.jpg| 3| a troupe of police officers atop horses in the city
3527590601.jpg| 1| A BMX biker performing a trick in midair over a dirt course .
4017326833.jpg| 1| A woman with black hair , wearing a black top and a red skirt is shaking her fist at somebody .
478754346.jpg| 4| dirt bike racer
2468906010.jpg| 3| A group of women playing volleyball indoors .
2268207503.jpg| 1| An old man in a green shirt is walking down a paved path with three small children .
2034553054.jpg| 2| A child in medieval clothes points at something on a table .
3514603772.jpg| 1| Two men dressed in yellow uniforms are using a jackhammer in the ground .
424379231.jpg| 3| A tan and white dog is walking on a beam .
3185860229.jpg| 2| A man sits on a chair next to a keyboard in a studio .
2891240104.jpg| 3| A group of workers are posing for a picture .
5024189799.jpg| 2| A Spanish male in an orange and green striped shirt dancing .
3015891201.jpg| 2|" two women hold up a flyer for the movie "" prom night "" ."
4063590558.jpg| 3| A man is outside and pulling on his arm .
3427118504.jpg| 2| A shirtless child dances with an adult man .
2162564553.jpg| 0| A shirtless man with a backpack and a hat is standing on a rocky shoreline .
4911985199.jpg| 2| Woman holding helmet next to two motor scooters .
189038731.jpg| 1| Two workers in their hard hats and safety vests stand near a yellow block of concrete .
3090600019.jpg| 0| There is a woman in a sexy cop 's uniform and a guy dressed as a prisoner , standing outdoors .
2648238429.jpg| 4| An older woman models a large grill installation at a home center .
4521610782.jpg| 3| Line of cars behind a taxi in a city road .
7396934178.jpg| 0| Two men on fast motorcycle speeding around a corner on a racetrack .
3687222696.jpg| 4| There is a kid jumping off a blue slide .
3182405529.jpg| 0| an older man with long gray hair and a long gray beard bike riding on the shore .
6864033895.jpg| 2| A woman is juggling oranges with a happy look on her face in a suburban backyard .
4720431530.jpg| 1| a number of people standing on the sidewalk along side the front doors of a transit bus
2916770809.jpg| 4| Two women are watching kids playing baseball
2230693384.jpg| 2| A blond woman and a toddler are posing for a picture .
3708441539.jpg| 2| A girl and a woman walk through a street and are about to pass a telephone booth .
6020763700.jpg| 3| A woman and a girl are in a grocery store and the girl is looking at her phone .
2148013097.jpg| 2| Two kids and a woman wave enthusiastically from behind a window .
2653853997.jpg| 2| three children are enjoying lunch on a picnic bench together .
3463523977.jpg| 2| A girl in a pink shirt jumps and stares at a swan in the park .
2563043367.jpg| 4| A man in a hat sits on a rock to fish .
4960164914.jpg| 0| A man in a white t-shirt and a woman in a red top are sitting next to each other on the beach .
3683644335.jpg| 0| a girl is swimming in a clear water in a blue pool .
2086534745.jpg| 2| A man in a yellow boat paddling down rough waters .
58363930.jpg| 1| A person in a blue hat climbing up a snow covered mountain .
4510129002.jpg| 1| A man and woman walking with three dogs and a man in a yellow jacket in the background .
483980949.jpg| 4| a busy day in the city streets .
2483792149.jpg| 4| A woman sitting in a field of flowers
2858793859.jpg| 1| Two men with rags over their face are running down a street with something on fire .
3190159986.jpg| 4| A man and a man talking near a table .
5927448574.jpg| 2| A man with a gray shirt with the tag bombardier is using an orange flashlight .
1791491934.jpg| 0| An Asian man wearing a blue long-sleeve shirt and patterned pants is working with an old looking machine .
3825927201.jpg| 3| A man is playing an acoustic guitar outside .
4001914227.jpg| 3| A young boy trying to impress his dad by doing yard work .
1588931550.jpg| 2| The man is looking out over a placid lake .
2674452595.jpg| 2| A man in a blue outfit works on a train .
4799951910.jpg| 0| A man in a bright green shirt and brimmed hat sits with three other men on a concrete rise .
7428276152.jpg| 1| Two women , both wearing pink shirts , are dancing side by side on a rooftop overlooking a river and city .
4278658978.jpg| 3| A construction site tearing apart a wall with graffiti .
286459527.jpg| 4| A girl singing and dancing with a pink hat on .
2317714088.jpg| 2| Some people are gathered by a mound of snow outside a house .
5420247403.jpg| 1| Man identifying tree species to young couple during snowshoeing trip .
175398811.jpg| 4| Two men are having a conversation .
4662830866.jpg| 0| A man with a soda can and red glasses is squatting in front of a fire .
527255763.jpg| 4| A young girl poses with her trophy in a park .
2386635533.jpg| 2| A woman throwing a white trash-bag into a dumpster in front of a car .
1043819504.jpg| 0| A group of 11 people in winter wear such as beanies , skiing jackets , gloves and backpacks are standing in snow paddles outside a house made of ice blocks while a person in front of the door seems to be leading them .
2523934341.jpg| 0| A person wearing a striped shirt , headphones , and a headscarf watches a street with a large truck driving through .
6921394663.jpg| 2| A motorcycle racer leans into a turn on a sunny afternoon .
2285693889.jpg| 0| A man is seated at a counter with all types of delicious looking foods , yet is completely unaffected , casually reading his newspaper .
4567455846.jpg| 1| Woman wearing maroon sweater carrying guitar in the woods
5896386113.jpg| 0| An elderly looking woman is hanging up clothes to dry in what appears to be an old town or neighborhood .
4524224528.jpg| 1| A woman using her cellphone on a sidewalk with three people talking amongst themselves in the background .
4379576356.jpg| 0| A tall , heavyset female with long black hair and wearing a gray blouse , holding a bag of potato chips , leaning against a white wall where four paintings are hung .
3485425825.jpg| 3| A male and female on a one seat bike ride along a tree lined road
3978422588.jpg| 4| A lady is walking on the sidewalk at night while carrying a big box .
4968323199.jpg| 4| A man in a helmet is standing .
2430037096.jpg| 2| People are on a stage performing .
4326902979.jpg| 1| A hiker dressed in a blue with black jacket and tan pants surrounded by big trees covered in snow .
444051472.jpg| 2| A man sits outside at a wooden table and reads a book while ducks eat in the foreground .
3817335146.jpg| 2| Three men fishing from a stream .
3810304603.jpg| 4| Chickenfoot plays a musical set on a stage .
4215128854.jpg| 4| People are walking in the street .
1540631615.jpg| 1| Young boy in red jacket doing a handstand on a sports field .
13237748.jpg| 2| A man with a blue baseball cap on is sleeping against a rock .
2715746315.jpg| 1| A man with a large plate of food on his head walks down a street .
1246237064.jpg| 3| A chef enjoying a meal while in contemplation .
2845913338.jpg| 0| A group of adults all wearing red and white baseball caps pose by holding their index , middle , and ring fingers up .
2804904604.jpg| 4| A kid is holding a rubber mallet .
3306212559.jpg| 0| four people are in silhouette whilst watching the sunset .
2885388989.jpg| 3| A young girl is in the woods presenting her index finger and thumb as if to represent a measurement .
3495815292.jpg| 1| A man standing looking sad with cleaner and a tool next to him .
4978965173.jpg| 1| A man and women walks together , both with white shirts , holding balloons .
4088616577.jpg| 4| Older woman holding a young boy .
3584406900.jpg| 1| Kids are playing on a swing set as a man with no shirt on walks by .
5420765124.jpg| 2| A woman in winter gear with trekking poles is holding a leashed dog in the snow .
2955813024.jpg| 2| Several people are standing in a fenced in area .
3098824948.jpg| 3| A bride and groom leaving after the wedding .
6295775965.jpg| 4| A man is stage diving onto a crowd of fans .
264009676.jpg| 2| Three people standing in the refrigerated juice aisle of a store .
462080147.jpg| 2| one man wearing a black hoodie sweatshirt and another wearing a box over his head
453473508.jpg| 2| a brown dog jumping in a stoney brook .
1507563902.jpg| 1| A person is upside down in the air above a trampoline outside .
1142847777.jpg| 3| A bicyclist riding on a city street .
5483599902.jpg| 3| A man in a white shirt smiles as he sells his street food .
4834131048.jpg| 2| A man and woman walking in between two buildings .
7117181861.jpg| 4| Two people posing for a photographer .
3238654429.jpg| 4| A snowboarder jumping off a mountain cliff .
4914433221.jpg| 0| A child wearing a red shirt is rolling a bowling ball down a lane .
2425062226.jpg| 0| A man with a headscarf is gesturing with his eyes closed while holding some kind of stick .
6811679265.jpg| 2| Two women are dancing in red and silver outfits with long veils .
7422429952.jpg| 2| Two people are fencing in a gymnasium .
7665388772.jpg| 4| A young man wearing a helmet rides a skateboard on a ramp .
4922680345.jpg| 3| A woman reads her book at a local city park .
2525666287.jpg| 2| soldiers 2 and civillians sitting on a bench at a busstop
3655103576.jpg| 1| A group of people are standing outside near a green tent .
3621647714.jpg| 0| A man is standing on snow with trees and mountains all around him .
3812087947.jpg| 0| A man in shorts , a gray t-shirt and backwards baseball cap reclines in front of a campfire as a young boy in blue and small girl in pink sit eating nearby .
6354735653.jpg| 0| Shirtless young man rock climbing up the face of cliff looking for the next handhold .
4457893259.jpg| 2| A man playing with a toddler in his yard .
2367139509.jpg| 0| A dog with a red collar runs in a forest in the middle of winter .
1628398329.jpg| 0| A man in an orange shirt and blue pants standing underneath trees along with other people around him .
3506560025.jpg| 2| A lady looks to her right and holds a mini camera .
2247645547.jpg| 2| Women in dresses touch up their makeup in front of mirrors in a dressing room .
2219805467.jpg| 4| A tan dog runs at the beach carrying a yellow ball .
7052724381.jpg| 3| Two feet and a surfboard emerging from a wave .
938162709.jpg| 4| Lone skier walks through the snow .
3532593368.jpg| 1| a large group of people rasing their hands in the air all at once .
3279150949.jpg| 0| Young Asian male , with black hair , wearing a red shirt , green shorts , standing on a thick plank of wood , sawing the wood in half .
6214447.jpg| 3| A man is videotaping another man as he rakes sand on the beach .
5432374521.jpg| 1| A crowd of women and children being frightened by something in the sky .
4138721052.jpg| 4| A man in a black hat with a green stripe plays the accordion .
3106026005.jpg| 0| A man wearing an orange cap sits on a white bench beside a blue trashcan .
4755277286.jpg| 0| Two women on a city street speak to another woman with purple hair who is wearing a cowboy hat , and nipple pasties and carrying a guitar .
1465666502.jpg| 3| A black dog with a red collar retrieving a stick from deep water .
3362086744.jpg| 3| A man is throwing a ball across the field .
3111261053.jpg| 0| The interior of an oriental restaurant with chandeliers , and a group of diners seated at a table .
3691592651.jpg| 4| People climb on a structure near water .
3154528397.jpg| 3| A skier flies through the air .
6193474428.jpg| 1| A gentleman driving a blue car with the number 27 on it in race gear .
2371313211.jpg| 0| A woman who is fixing her computer while showing her daughter what it is doing .
3284955091.jpg| 1| a long snowboarder jumping over a barricade outside in the snow .
4725650100.jpg| 0| People enjoy shopping fresh produce at a farmers market .
44904567.jpg| 0| A middle-aged man is getting his head completely shaved by another middle-aged man with hair .
4966606312.jpg| 4| Several people walk past a mirrored pillar in a public concourse .
2943079526.jpg| 2| A man on the subway holds his bags and looks at a book .
1563984945.jpg| 4| a person bending over a child in a restaurant
2695298213.jpg| 0| In an outdoor scene on a sunny day , a group of young adult males wearing colorful T-shirts walks behind a woman wearing sunglasses , a black tank-top , and blue shorts .
3374054694.jpg| 1| A large black and white dog jumps up to get something held by a woman wearing a black jacket .
5925544338.jpg| 0| An old man , likely a blacksmith , is welding a tool , seen by the red hot scorching look of it .
7292157214.jpg| 1| A man is on stage singing , holding a microphone , and wearing a white jacket and pink hat .
5676780431.jpg| 3| A cyclist on a yellow bike goes off-road and catches air .
3871253919.jpg| 1| A young boy wearing a blue shirt who is climbing the steep stairs .
3227594168.jpg| 2| Two blond young women hang out in the grass with a brown dog .
299309703.jpg| 4| A child is given a bath by the sink .
8000298212.jpg| 3| A person wearing red and black leathers riding a motorcycle .
4554539616.jpg| 4| two men working on electronics
2572575687.jpg| 1| Two african american children reading books .
3164506129.jpg| 3| There are kids playing while adults are sitting on a bench .
2308256827.jpg| 4| A playground with two children and an adult .
3751594676.jpg| 3| A little boy is playing on a playground rocking toy .
3468694409.jpg| 4| Group of kids singing on a stage .
6099913481.jpg| 1| Four men and three women , all in their beach attire , hang around a small cliff by the ocean as one man is about to dive into the water .
3251906388.jpg| 2| Two dogs play tug-of-war with a dark object in the snow .
3368368761.jpg| 1| A male and female are running down a sandy hill .
3755945880.jpg| 2| two humans climb a building while a crowd of onlookers cheer them on
4939482606.jpg| 1| A woman wearing blue is talking to a man sitting on the sidewalk , next to some vegetables for sale .
2192475933.jpg| 4| child wearing a hat at the beach
6053187227.jpg| 4| Waving an ancient fan in her native clothing .
275168455.jpg| 2| A man and woman attending people at a vendor stand .
3182121297.jpg| 4| Person snowboarding at a ski slope .
1714754988.jpg| 3| A young boy is smiling on the beach .
3156406419.jpg| 4| A person skiing downhill .
3520199925.jpg| 1| A woman playing the violin with posters in the background .
4480997710.jpg| 4| Man and women standing under a red umbrella .
1463864223.jpg| 3| A man painted in gold with cycle stands in the street .
4440438333.jpg| 4| Pitcher about to pitch the ball .
84864687.jpg| 4| An old man fell asleep in a chair .
4728340384.jpg| 0| A man in a striped shirt sits next to a display of oranges and other food , with a garden in the background .
2053777548.jpg| 4| The dog jumps to catch the ball .
7680969218.jpg| 1| Two women and a young man digging up dirt and putting it in a wheelbarrow .
3827686564.jpg| 2| A young male practicing tricks with his skateboard on a cement curb .
1694114389.jpg| 3| A man riding his bike towards the sunlight pouring out from under the trees .
3121387465.jpg| 0| The woman in the black shirt and reddish skirt is getting a gift from the man with the white shirt , while a girl with a white sweater is looking eagerly at what the man is giving the woman , and are , presumably , in a party .
3232994074.jpg| 3| An older man plays a game with a small child .
6337759785.jpg| 0| Three men playing football where one guy wearing a red uniform is holding the football , the second guy wearing a red uniform and the third guy wearing a white uniform .
4541174424.jpg| 0| A group of people standing by Track 17 and waiting for a subway train .
617782839.jpg| 0| An archer using the japanese style teachings aiming at his target , while wearing traditional japanese garb
4619640749.jpg| 3| elderly people sit on the street playing a game .
2701042060.jpg| 0| A black dog is drinking next to a brown and white dog that is looking at an orange ball in the lake , whilst a horse and rider passes behind .
3626475209.jpg| 0| a black and white dog jumping over a red , white and blue striped pole
136886677.jpg| 0| A large man sits in the back of a canoe with another man in front on a river .
261883591.jpg| 1| A man wearing a hard hat stands in front of buildings not yet finished being built .
2169067981.jpg| 2| Two boys playing tug-of-war while one reaches out to chair on left
275169881.jpg| 0| A woman in a blue and black striped shirt shows her phone to a man wearing glasses and a blue and yellow plaid shirt in the middle of a street .
4734146340.jpg| 4| An old man holding a large stick .
3099627946.jpg| 3| Choir sings at the front of a church .
2322050182.jpg| 1| A toddler walking through an old building in a blue outfit .
3360508977.jpg| 3| A family is singing and the mother is holding her baby .
2810456728.jpg| 3| Four guitarists and a drummer on stage .
6229825733.jpg| 0| Three men in uniforms and hard hats , riding in a boat , in choppy water , had just passed under a roadway .
2508515814.jpg| 0| Three women standing in front of a SallieMae sign interact among themselves .
4663401740.jpg| 3| A person out front of a business with a woman statue holding a bottle .
3593556797.jpg| 0| A woman in a short skirt holds a plastic bottle as she walks down a street with auto and pedestrian traffic .
3328646934.jpg| 1| A blond boy slides down a sand dune on a skateboard with no wheels .
81125088.jpg| 1| A kid wearing a red outfit and sandals in the bed of a dirty pickup truck .
2934573544.jpg| 1| Black and brown dog runs over grass , houses in background .
2560388887.jpg| 1| Several people are flying kites , with mountains in the background .
2042765375.jpg| 4| People on boats going down a thick tree-lined river .
485545592.jpg| 2| A small boy with a blue shirt playing with a toy .
4645730257.jpg| 1| A woman is wearing a blue and white striped shirt while sitting .
6334398206.jpg| 3| A woman with bucket cleaning a public seating area .
3126225245.jpg| 1| A young toddler boy dances with bubbles at an inside play area .
1454439103.jpg| 3| A pitcher and a catcher talking on the mound at a baseball field .
2935649082.jpg| 3| A man loses control of his watercraft .
5117317939.jpg| 4| A group of people are gathered in an office , talking .
256405548.jpg| 3| Swimming instructors show young girls how to float .
2451114871.jpg| 1| Four dogs in blue , green , red and black jerseys are racing .
3827245354.jpg| 3| Man in a black sweater sitting on a mountainside .
108656820.jpg| 3| Lots of people in different costumes at some kind of party .
2900265091.jpg| 1| A crowd of people is watching a singer and drummer perform in a dark room .
4789384235.jpg| 2| A man kisses the neck of a woman sitting on his lap .
4812040741.jpg| 3| Two uniformed men talk while standing on a road .
4878557563.jpg| 0| Asian street scene with two women in foreground , red building with lion poster in the background .
5311177343.jpg| 2| A man getting help with fitness from a physical trainer in a gym .
3517040752.jpg| 3| Parents watch as girls play softball in a game .
3247385464.jpg| 1| Man in bright yellow jacket and black pants riding a bicycle in snow by a roadway protected by a railing .
8015752233.jpg| 2| A worker in an orange costume hoses down a long cement dock .
4857153551.jpg| 2| Lady with sunglasses looks up , while man on her left consults a map
5705242347.jpg| 4| Three dancers performing on a stage .
3765332712.jpg| 2| A group of teenage girls dance in a circle on stage .
418396886.jpg| 2| People are riding their bikes down a road .
5789294140.jpg| 2| Here are five male students in a classroom having an informal discussion .
203390686.jpg| 3| Preparing a fish dinner for the family .
3566826511.jpg| 2| Two women standing in front of a mirror while styling hair .
2474483208.jpg| 2| two men go toe to toe in a martial arts competition .
2975118353.jpg| 1| A man is performing a jump on his snowboard .
5684720360.jpg| 3| A woman is waiting with children as she is checked out at Walmart .
4781889177.jpg| 2| A woman in a short red dress and costume wings is walking in a public fountain .
5823012892.jpg| 0| A little boy is serving tea to four dolls which are seated around a small table as a little girl stands nearby watching .
5397926630.jpg| 3| An ice skating couple performs on the ice .
265561932.jpg| 1| three men sitting at a bar inside of a restaurant .
476496952.jpg| 3| Boy carries big white and red bag from truck .
4690454050.jpg| 1| Two women in bathing suits are sunbathing on the beach .
2705104779.jpg| 0| A red pickup truck is being washed by several people , one of whom is standing in the bed of the truck wearing a red shirt and blue shorts , washing the back window .
1313693129.jpg| 3| A young woman and a young boy stand on the shore of a river .
4351764727.jpg| 0| A band sings under red lights while a couple dances in the foreground .
3364202209.jpg| 0| A woman looks up while eating with a spoon out of bowl she is holding in her left hand .
36451757.jpg| 0| Two men with brown shirts on and a woman are outside with two black dogs .
2687229880.jpg| 0| Lady walking and squinting from the sun in a large group of people .
7024620109.jpg| 2| A man is catching a ball in the middle of some sort of sport .
2830869109.jpg| 3| A boy and girl playing with buckets in a lawn sprinkler
4846544688.jpg| 1| A man in traditional garb is bleeding from cuts on his back .
4478989677.jpg| 1| A young Hispanic woman in a pink tank top is painting .
151177193.jpg| 4| A young man dishing up food from a large pan .
4565405799.jpg| 2| A young girl in a pink sweatshirt reading a book while being surrounded by clutter .
2471493912.jpg| 1| a couple of people struggling through a muddy pit
4604145026.jpg| 1| A woman wearing a scarf and headphones walking down the street .
3440160917.jpg| 3| A child in a green sweatshirt is collecting colored eggs
2339164918.jpg| 4| A woman stands with a ferret and a dog .
204886976.jpg| 3| A silver statue of men on bikes .
4669745123.jpg| 3| The delivery boy waits to unload in front of the pizza parlor .
2243943940.jpg| 2| A couple play a board game with friends while drinking apple cider .
5415762131.jpg| 4| Two men playing in tennis match .
17396786.jpg| 1| A man in a red shirt and a woman in a colorful shirt and sitting outside .
3296124052.jpg| 4| A cook steps back as flames leap from a pan in a kitchen .
6881414247.jpg| 0| A young woman in a brown leather jacket is about to look into a large telescope .
3019199755.jpg| 0| A man is in a red race car while another man is at the back of it .
5831994264.jpg| 3| A woman is playing a keyboard while singing into a microphone .
3641999223.jpg| 1| A person plays cricket while being watched by a crowd .
1570065565.jpg| 4| There is a woman sitting at a table by the kitchen .
3674521435.jpg| 2| Kids jump their bikes off of dirt ramps near a waterfront .
4885728602.jpg| 4| A man playing guitar on the street .
3276448136.jpg| 1| A group of people , several of which are wearing fuzzy pink antennae .
283757164.jpg| 3| Here are a bunch of people at a sidewalk sale .
5181419899.jpg| 1| A group of children wearing medals around their necks are standing around a table filled with food , buffet style .
3856157065.jpg| 2| Two woman at a professional conference or convention .
2395801215.jpg| 4| A red-haired girl holding an animal .
2500720722.jpg| 4| A woman in a white jacket walks past messy storefronts .
3951498887.jpg| 4| A man is repairing a bicycle in a shop .
3839206915.jpg| 1| Two African American men walking by a shop window containing a manikin dressed in a striped shirt and striped pants .
2904997007.jpg| 2| A small boy jumps from a bunk bed onto a single bed .
2911238432.jpg| 2| A group of kids float in the middle of a pond .
3717886615.jpg| 1| A female sings and plays into a microphone and a male in green striped shorts plays a hand drum
5984974054.jpg| 0| A small white car is stuck on the track , while the train car that hit it at a slow speed , sits still , as a rescue worker helps the driver .
8045061561.jpg| 3| A young athlete is on the field looking at something in the distance .
3257107194.jpg| 4| Two boys hanging off a tire dock .
2299859649.jpg| 2| A young boy wearing a red coat eats a chocolate bar .
3349258288.jpg| 0| A man rides a skateboard up a sloped concrete surface and into the air .
2737096202.jpg| 0| A woman walking in front of a truck talking to someone that is walking beside her .
335238081.jpg| 1| A young boy jumps into the air using a trampoline .
42975444.jpg| 3| A woman is putting together a wooden object .
33382940.jpg| 0| The man is on a piece of timber that is laying in the middle of a body of water .
4551995611.jpg| 0| Three girls are looking over the side of a stone railing at a river in front of them .
4445485475.jpg| 0| There are many people sitting outside of a building with statues .
2842849030.jpg| 0| A child in churning water at the edge of a pool , with orange water wings .
2897143731.jpg| 1| Three people are waiting patiently for news about their loved one .
294549892.jpg| 2| Three men sitting on a hill looking at the mountains and sky .
3338289816.jpg| 2| A little kid in a striped shirt is rubbing his eye .
2884301336.jpg| 4| A dog plays with a ball in a kiddie pool .
2817414272.jpg| 0| A man in a tuxedo and a woman in a white dress holding a bouquet are standing outdoors .
7586108058.jpg| 4| Two ballet dancers are embracing on stage .
4813609768.jpg| 0| An elderly woman in a blue shirt speaks with a male with her hands on her hips .
2961247549.jpg| 3| A few men in gold and red oriental robes .
4089787993.jpg| 2| A woman watching over her two bunnies and curious cat .
4796658218.jpg| 0| A woman wearing a short , white dress while riding a bicycle that has a basket on front with things in it .
1277185009.jpg| 3| A shirtless man is walking on a rocky hill
483884616.jpg| 4| People gather to watch a street performer .
1918573100.jpg| 3| A dog walks on a red plank by a blue railing .
3393035454.jpg| 2| A young boy jumps off a rock in the forest
4855749823.jpg| 3| A woman walking down a suburban street .
4099290978.jpg| 2| A man hunches over to watch TV in front of a red brick wall
3616638478.jpg| 2| A woman and a young girl are standing together with arms outstretched .
3327761688.jpg| 3| A driver parks his BMW in the garage .
4834130488.jpg| 3| several people are lounging around statued fountain .
74916401.jpg| 4| A man in red is conducting a lecture .
5743199540.jpg| 1| The man in the striped apron is dancing with the woman in the polka dotted apron .
4361532957.jpg| 0| A dalmatian and an Afghan-hound are waiting with owners and some other dogs at a dog show .
8171835256.jpg| 0| Four men with a display table set up on top of boulders and rocks displaying stone plates and other sculptures .
122190424.jpg| 1| A construction crew working at several spots on the road .
2410399168.jpg| 0| One dog is jumping in the air and the other is standing next to it .
7081260077.jpg| 3| Rugby player in blue dives to tackle the ball carrier in white .
2214132302.jpg| 1| A woman in an orange jacket and orange glasses is jogging .
509241560.jpg| 3| A group of kids play on a colorful structure .
4307968.jpg| 0| A girl with brown hair and is wearing a pink and blue striped shirt is standing outside with a bunch of other people .
3442978981.jpg| 2| Two fencers are in a bout in a white gym .
6727599793.jpg| 0| A surfer rides on his stomach on a surfboard in green water .
3515378674.jpg| 0| A male senior citizen is drinking liquor straight from the bottle .
1220401002.jpg| 3| Two girls laughing outside in a yard .
2341080150.jpg| 4| A group of people admiring antique cars .
4751647247.jpg| 2| A long-haired woman listens to music as she walks on a sunny day .
530661899.jpg| 1| Two people backlit with light sky .
492104206.jpg| 4| A homeless man next to a pepsi machine .
4590720793.jpg| 1| Two girls in matching costumes are holding drumsticks .
2537802214.jpg| 2| These people are trying to repair something that needed to be fixed .
4841631694.jpg| 1| A woman , wearing a dark top and jeans , gets down on her knees in the sand to get a better shot with her camera .
2363100645.jpg| 4| A young girl plays guitar by pink walls .
6939434967.jpg| 4| Three girls playing jump rope .
2785108434.jpg| 2| A little kid jumps up into the air above the ocean .
4725033521.jpg| 2| A woman is just shopping her things in a shop .
7715537014.jpg| 0| Six black men are either competing in a track race or practicing for a competition at the London 2012 Olympics .
2056377805.jpg| 4| A group of people river rafting .
4622340284.jpg| 4| A woman is riding a scooter in a middle-eastern country .
2513594933.jpg| 1| A lady in a sexy red dress walks in front of a crowd of men .
3335127933.jpg| 3| Men and women sit in a meeting and listen to a presentation .
3638318149.jpg| 0| A young boy playing on his skateboard on a patio of an interesting building , while two people are sitting in chairs in the background .
4733155804.jpg| 1| A bicyclist is calling someone or checking his text messages .
13651137.jpg| 2| a man in a gray shirt and a hat holding a jackhammer
3036596725.jpg| 1| A white greyhound dog wearing a muzzle runs around a track .
4625651551.jpg| 2| Two brunette females wearing sunglasses in the outdoors .
5171265627.jpg| 4| A man in a suit rides a brown horse .
917574521.jpg| 2| Two children wearing bright pink clothes are playing with a toy lawn mower .
2390400553.jpg| 2| A man on a scaffold hanging by a rope reaches out to a ledge or window .
3441959314.jpg| 3| Two men trying to build a fire .
3725353555.jpg| 1| A tan and black dog jumps through a water sprinkler in the yard .
3432187474.jpg| 1| A man and woman sit on a dock looking out over the water on an overcast day .
4937639267.jpg| 4| A man in a motor cart rides by to witness the park area .
6989990004.jpg| 3| A woman is sitting on a sofa with her feet propped up on a table , while using a laptop .
476769369.jpg| 4| Man in black shirt waiting with luggage .
4531897566.jpg| 3| A man is skiing on the tip of a mountain .
4328442305.jpg| 2| A young person , surrounded by pens and paper , looks like they 're upside down against the wall .
282131366.jpg| 4| A woman leaning to her right as the sun sets .
7656601.jpg| 2| The gentlemen are on the boat deck relaxing .
4147974557.jpg| 4| An older man is sleeping .
4876249897.jpg| 3| A woman in a blue shirt selling flowers .
47576066.jpg| 2| A lady sits in a chair , in front of a graffiti covered wall with a cart full of bags .
527288854.jpg| 4| Man straining to climb cliff face .
2549968784.jpg| 4| A child wearing swim goggles .
405693848.jpg| 4| Man in green shirt riding a stationary bike .
72008635.jpg| 3| Friends , out enjoying a drink together .
3772448117.jpg| 4| A young man lifting a girl at the beach .
4983722231.jpg| 1| A view of the back of a woman having a beverage .
4457340060.jpg| 1| A man wearing sunglasses and a suit is walking down the sidewalk looking at cars .
3767841911.jpg| 2| A little girl in an orange dress is running through the sprinkler in the yard .
2844963839.jpg| 3| a group of football players huddled together in the middle of the field .
1309330801.jpg| 3| Two girls are performing tricks on a trampoline .
6104468585.jpg| 1| A long-haired , shirtless man with face paint is playing a bass guitar at a concert .
3138943319.jpg| 1| A man 's hand extending his cup out to be refilled by a woman at a social event .
3321832766.jpg| 1| An orchestra , in formal dress , with a man playing the cello in the center .
4751210999.jpg| 0| A woman in jeans , sneaker , and sneakers walking down a sidewalk while messaging .
506367606.jpg| 2| A person looking to the right standing between plants in buckets and a banana box .
2921670682.jpg| 4| A man on a bicycle in the city .
4547258202.jpg| 0| A man wearing sunglasses is sitting on the steps outside , reading a magazine .
4710499155.jpg| 2| A group of in blue uniforms are marching and carrying guns .
3831874776.jpg| 3| A merchant is rearranging her items for sale .
3420660565.jpg| 2| Five people are sitting on outdoor furniture underneath a bright red flowering tree .
3166969425.jpg| 4| A dog walks in a foggy place .
3356700488.jpg| 0| A man in a blue shirt and a woman in a white shirt in front of a sign written in an Asian language .
2118795339.jpg| 0| A man walking on a side walking passing the space between two buildings .
5794490455.jpg| 3| Two soccer teams on the field playing soccer .
3108542351.jpg| 4| The man is listening to the guitar player .
3155987659.jpg| 2| Dog is jumping up on a very green lawn to catch a Frisbee .
3794595430.jpg| 0| A woman in a blazer speaking into a mic in front of a crowd with a presentation .
2394857899.jpg| 0| A man in an orange construction uniform wears a white hard hat and sprays a water hose .
6742042393.jpg| 2| A man in a green jersey is jumping in the air getting ready to throw a ball .
2595397765.jpg| 3| A family of five sitting down at a table to eat and enjoy a dinner together .
2635905544.jpg| 2| Two dogs are playing with a red and white ball
4771908421.jpg| 0|" A man in a shirt and tie is standing next to a banner that says "" Aloha . """
4459396414.jpg| 3| A white car is parked by a wall with graffiti .
4941164644.jpg| 0| A boy sits on a grass hill in front of an abstract mobile sculpture .
2198494923.jpg| 4| A young girl is sliding down a snowbank .
389136029.jpg| 2| A woman in a white halter top and white short is motioning with her hands .
4653128161.jpg| 0| Dilapidated buildings in the background of a lot of green grass .
3817024841.jpg| 1| Three people sit together on a couch in a house while two others stand off to the sides .
1273001772.jpg| 4| Children and adults play with a sprinkler .
5404931227.jpg| 4| Two people skiing on a mountain .
3826387121.jpg| 4| Two people walking aside a wall .
3600525829.jpg| 2| Mother and child wearing blue shirts playing outside .
2037916421.jpg| 0| A man in glasses and a white shirt is playing the electric guitar .
